Daily activity on Fri Sep 19 09:38:24 UTC 2025
Daily activity on Sat Sep 20 06:30:15 UTC 2025
Daily activity on Sun Sep 21 06:31:16 UTC 2025
Daily activity on Mon Sep 22 06:35:10 UTC 2025
Daily activity on Tue Sep 23 06:33:29 UTC 2025
Daily activity on Wed Sep 24 06:33:09 UTC 2025
Daily activity on Thu Sep 25 06:34:06 UTC 2025
Daily activity on Fri Sep 26 06:32:39 UTC 2025
Daily activity on Sat Sep 27 06:29:00 UTC 2025
Daily activity on Sun Sep 28 06:30:39 UTC 2025
Daily activity on Mon Sep 29 06:35:10 UTC 2025
Daily activity on Tue Sep 30 06:34:09 UTC 2025
Daily activity on Wed Oct  1 06:33:50 UTC 2025
Daily activity on Thu Oct  2 06:32:48 UTC 2025
Daily activity on Fri Oct  3 06:32:11 UTC 2025
Daily activity on Sat Oct  4 06:29:40 UTC 2025
Daily activity on Sun Oct  5 06:29:54 UTC 2025
Daily activity on Mon Oct  6 06:34:22 UTC 2025
Daily activity on Tue Oct  7 06:33:31 UTC 2025
Daily activity on Wed Oct  8 06:33:54 UTC 2025
Daily activity on Thu Oct  9 06:34:09 UTC 2025
Daily activity on Fri Oct 10 06:33:55 UTC 2025
Daily activity on Sat Oct 11 06:29:27 UTC 2025
Daily activity on Sun Oct 12 06:29:40 UTC 2025
Daily activity on Mon Oct 13 06:35:29 UTC 2025
Daily activity on Tue Oct 14 06:33:40 UTC 2025
Daily activity on Wed Oct 15 06:33:47 UTC 2025
Daily activity on Thu Oct 16 06:33:43 UTC 2025
Daily activity on Fri Oct 17 06:33:05 UTC 2025
Daily activity on Sat Oct 18 06:30:31 UTC 2025
Daily activity on Sun Oct 19 06:31:50 UTC 2025
Daily activity on Mon Oct 20 06:35:09 UTC 2025
Daily activity on Tue Oct 21 06:34:12 UTC 2025
Daily activity on Wed Oct 22 06:35:09 UTC 2025
Daily activity on Thu Oct 23 06:33:52 UTC 2025
Daily activity on Fri Oct 24 06:32:57 UTC 2025
Daily activity on Sat Oct 25 06:30:38 UTC 2025
Daily activity on Sun Oct 26 06:31:36 UTC 2025
Daily activity on Mon Oct 27 06:37:35 UTC 2025
Daily activity on Tue Oct 28 06:35:44 UTC 2025
Daily activity on Wed Oct 29 06:36:04 UTC 2025
Daily activity on Thu Oct 30 06:34:07 UTC 2025
Daily activity on Fri Oct 31 06:34:26 UTC 2025
Daily activity on Sat Nov  1 06:31:14 UTC 2025
Daily activity on Sun Nov  2 06:32:34 UTC 2025
Daily activity on Mon Nov  3 06:36:19 UTC 2025
Daily activity on Tue Nov  4 06:35:50 UTC 2025
Daily activity on Wed Nov  5 06:35:19 UTC 2025
Daily activity on Thu Nov  6 06:35:30 UTC 2025
Daily activity on Fri Nov  7 06:35:10 UTC 2025
Daily activity on Sat Nov  8 06:31:13 UTC 2025
Daily activity on Sun Nov  9 06:31:46 UTC 2025
Daily activity on Mon Nov 10 06:36:59 UTC 2025
Daily activity on Tue Nov 11 06:35:50 UTC 2025
Daily activity on Wed Nov 12 06:35:42 UTC 2025
Daily activity on Thu Nov 13 06:35:40 UTC 2025
Daily activity on Fri Nov 14 06:35:30 UTC 2025
Daily activity on Sat Nov 15 06:32:17 UTC 2025
Daily activity on Sun Nov 16 06:33:11 UTC 2025
Daily activity on Mon Nov 17 06:36:17 UTC 2025
Daily activity on Tue Nov 18 06:34:48 UTC 2025
Daily activity on Wed Nov 19 06:34:57 UTC 2025
Daily activity on Thu Nov 20 06:34:47 UTC 2025
Daily activity on Fri Nov 21 06:36:06 UTC 2025
Daily activity on Sat Nov 22 06:32:01 UTC 2025
Daily activity on Sun Nov 23 06:33:19 UTC 2025
Daily activity on Mon Nov 24 06:36:44 UTC 2025
Daily activity on Tue Nov 25 06:36:53 UTC 2025
Daily activity on Wed Nov 26 06:36:42 UTC 2025
Daily activity on Thu Nov 27 06:36:55 UTC 2025
Daily activity on Fri Nov 28 06:36:49 UTC 2025
Daily activity on Sat Nov 29 06:34:01 UTC 2025
Daily activity on Sun Nov 30 06:35:17 UTC 2025
Daily activity on Mon Dec  1 06:39:15 UTC 2025
Daily activity on Tue Dec  2 06:38:05 UTC 2025
Daily activity on Wed Dec  3 06:37:34 UTC 2025
Daily activity on Thu Dec  4 06:37:36 UTC 2025
Daily activity on Fri Dec  5 06:37:40 UTC 2025
Daily activity on Sat Dec  6 06:33:40 UTC 2025
Daily activity on Sun Dec  7 06:33:26 UTC 2025
Daily activity on Mon Dec  8 06:40:27 UTC 2025
Daily activity on Tue Dec  9 06:38:21 UTC 2025
Daily activity on Wed Dec 10 06:38:45 UTC 2025
Daily activity on Thu Dec 11 06:39:43 UTC 2025
Daily activity on Fri Dec 12 06:39:03 UTC 2025
Daily activity on Sat Dec 13 06:35:11 UTC 2025
Daily activity on Sun Dec 14 06:35:22 UTC 2025
Daily activity on Mon Dec 15 06:41:05 UTC 2025
Daily activity on Tue Dec 16 06:39:41 UTC 2025
Daily activity on Wed Dec 17 06:38:53 UTC 2025
Daily activity on Thu Dec 18 06:38:41 UTC 2025
